{"cameraMode":{"drawMode":0,"name":"Shaded","section":"Shading Mode"},"sceneLighting":true,"audioPlay":false,"sceneViewState":{"showFog":true,"showMaterialUpdate":false,"showSkybox":true,"showFlares":true,"showImageEffects":true,"showParticleSystems":true},"in2DMode":false,"pivot":{"x":51.02827453613281,"y":7.618927001953125,"z":103.5503921508789},"rotation":{"x":-0.32358795404434206,"y":0.6134600639343262,"z":-0.3038859963417053,"w":-0.6533372402191162},"size":270.3437805175781,"orthographic":false}