{"cameraMode":{"drawMode":0,"name":"Shaded","section":"Shading Mode"},"sceneLighting":true,"audioPlay":false,"sceneViewState":{"showFog":true,"showMaterialUpdate":false,"showSkybox":true,"showFlares":true,"showImageEffects":true,"showParticleSystems":true},"in2DMode":false,"pivot":{"x":51.02827453613281,"y":7.618927001953125,"z":103.5503921508789},"rotation":{"x":-0.24447545409202577,"y":0.4471859931945801,"z":-0.1287240982055664,"w":-0.8508480787277222},"size":185.53335571289063,"orthographic":false}