{"cameraMode":{"drawMode":0,"name":"Shaded","section":"Shading Mode"},"sceneLighting":true,"audioPlay":false,"sceneViewState":{"showFog":true,"showMaterialUpdate":false,"showSkybox":true,"showFlares":true,"showImageEffects":true,"showParticleSystems":true},"in2DMode":false,"pivot":{"x":51.02827453613281,"y":7.618927001953125,"z":103.5503921508789},"rotation":{"x":-0.12496256828308106,"y":0.3555721640586853,"z":-0.04842134192585945,"w":-0.9251584410667419},"size":1274.4949951171875,"orthographic":false}